[{"model": "tutorbook.user", "pk": 1, "fields": {"first_name": "Sam", "last_name": "Fletcher", "email": "Sam.Fletcher@mail.com", "user_type": 1, "created_at": "2022-10-16 10:57:48.129922+00:00", "updated_at": "2022-10-16 10:57:48.129952+00:00", "profile_img_url": "https://i.pravatar.cc/150?img=7"}}, {"model": "tutorbook.user", "pk": 2, "fields": {"first_name": "Kirby", "last_name": "Fuller", "email": "Kirby.Fuller@mail.kz", "user_type": 1, "created_at": "2022-10-16 10:57:48.130460+00:00", "updated_at": "2022-10-16 10:57:48.130467+00:00", "profile_img_url": "https://i.pravatar.cc/150?img=52"}}, {"model": "tutorbook.user", "pk": 3, "fields": {"first_name": "Laura", "last_name": "Miller", "email": "Laura.Miller@mail.kz", "user_type": 2, "created_at": "2022-10-16 10:57:48.130650+00:00", "updated_at": "2022-10-16 10:57:48.130656+00:00", "profile_img_url": "https://i.pravatar.cc/150?img=9"}}, {"model": "tutorbook.user", "pk": 4, "fields": {"first_name": "Todd", "last_name": "Isom", "email": "Todd.Isom@yahoo.com", "user_type": 2, "created_at": "2022-10-16 10:57:48.131579+00:00", "updated_at": "2022-10-16 10:57:48.131585+00:00", "profile_img_url": "https://i.pravatar.cc/150?img=32"}}, {"model": "tutorbook.user", "pk": 5, "fields": {"first_name": "Daryl", "last_name": "Villarreal", "email": "Daryl.Villarreal@hotmail.com", "user_type": 2, "created_at": "2022-10-16 10:57:48.131990+00:00", "updated_at": "2022-10-16 10:57:48.131995+00:00", "profile_img_url": "https://i.pravatar.cc/150?img=19"}}, {"model": "tutorbook.user", "pk": 6, "fields": {"first_name": "Dominique", "last_name": "Lalley", "email": "Dominique.Lalley@mail.kz", "user_type": 2, "created_at": "2022-10-16 10:57:48.139706+00:00", "updated_at": "2022-10-16 10:57:48.139717+00:00", "profile_img_url": "https://i.pravatar.cc/150?img=63"}}, {"model": "tutorbook.user", "pk": 7, "fields": {"first_name": "Agnes", "last_name": "Heath", "email": "Agnes.Heath@mail.com", "user_type": 1, "created_at": "2022-10-16 10:57:48.140191+00:00", "updated_at": "2022-10-16 10:57:48.140198+00:00", "profile_img_url": "https://i.pravatar.cc/150?img=28"}}, {"model": "tutorbook.user", "pk": 8, "fields": {"first_name": "Curtis", "last_name": "England", "email": "Curtis.England@mail.kz", "user_type": 2, "created_at": "2022-10-16 10:57:48.140750+00:00", "updated_at": "2022-10-16 10:57:48.140756+00:00", "profile_img_url": "https://i.pravatar.cc/150?img=13"}}, {"model": "tutorbook.user", "pk": 9, "fields": {"first_name": "Wilma", "last_name": "Jones", "email": "Wilma.Jones@gmail.com", "user_type": 1, "created_at": "2022-10-16 10:57:48.141008+00:00", "updated_at": "2022-10-16 10:57:48.141016+00:00", "profile_img_url": "https://i.pravatar.cc/150?img=55"}}, {"model": "tutorbook.user", "pk": 10, "fields": {"first_name": "Doyle", "last_name": "Mcknight", "email": "Doyle.Mcknight@mail.com", "user_type": 2, "created_at": "2022-10-16 10:57:48.141578+00:00", "updated_at": "2022-10-16 10:57:48.141584+00:00", "profile_img_url": "https://i.pravatar.cc/150?img=65"}}, {"model": "tutorbook.user", "pk": 11, "fields": {"first_name": "Staci", "last_name": "Howard", "email": "Staci.Howard@aol.com", "user_type": 2, "created_at": "2022-10-16 10:57:48.142018+00:00", "updated_at": "2022-10-16 10:57:48.142027+00:00", "profile_img_url": "https://i.pravatar.cc/150?img=34"}}, {"model": "tutorbook.user", "pk": 12, "fields": {"first_name": "June", "last_name": "Jones", "email": "June.Jones@mail.kz", "user_type": 1, "created_at": "2022-10-16 10:57:48.142267+00:00", "updated_at": "2022-10-16 10:57:48.142276+00:00", "profile_img_url": "https://i.pravatar.cc/150?img=37"}}, {"model": "tutorbook.user", "pk": 13, "fields": {"first_name": "Abel", "last_name": "Hung", "email": "Abel.Hung@yahoo.com", "user_type": 1, "created_at": "2022-10-16 10:57:48.144999+00:00", "updated_at": "2022-10-16 10:57:48.145006+00:00", "profile_img_url": "https://i.pravatar.cc/150?img=37"}}, {"model": "tutorbook.user", "pk": 14, "fields": {"first_name": "Samuel", "last_name": "Nobles", "email": "Samuel.Nobles@gmail.com", "user_type": 1, "created_at": "2022-10-16 10:57:48.146007+00:00", "updated_at": "2022-10-16 10:57:48.146014+00:00", "profile_img_url": "https://i.pravatar.cc/150?img=66"}}, {"model": "tutorbook.user", "pk": 15, "fields": {"first_name": "Charlene", "last_name": "Lee", "email": "Charlene.Lee@aol.com", "user_type": 1, "created_at": "2022-10-16 10:57:48.146277+00:00", "updated_at": "2022-10-16 10:57:48.146284+00:00", "profile_img_url": "https://i.pravatar.cc/150?img=7"}}, {"model": "tutorbook.user", "pk": 16, "fields": {"first_name": "Deborah", "last_name": "Jackson", "email": "Deborah.Jackson@mail.kz", "user_type": 1, "created_at": "2022-10-16 10:57:48.146474+00:00", "updated_at": "2022-10-16 10:57:48.146479+00:00", "profile_img_url": "https://i.pravatar.cc/150?img=14"}}, {"model": "tutorbook.user", "pk": 17, "fields": {"first_name": "Robert", "last_name": "Adams", "email": "Robert.Adams@mail.com", "user_type": 2, "created_at": "2022-10-16 10:57:48.146682+00:00", "updated_at": "2022-10-16 10:57:48.146689+00:00", "profile_img_url": "https://i.pravatar.cc/150?img=67"}}, {"model": "tutorbook.user", "pk": 18, "fields": {"first_name": "Duane", "last_name": "Hogan", "email": "Duane.Hogan@mail.com", "user_type": 1, "created_at": "2022-10-16 10:57:48.147086+00:00", "updated_at": "2022-10-16 10:57:48.147092+00:00", "profile_img_url": "https://i.pravatar.cc/150?img=27"}}, {"model": "tutorbook.user", "pk": 19, "fields": {"first_name": "Denese", "last_name": "Betts", "email": "Denese.Betts@mail.kz", "user_type": 1, "created_at": "2022-10-16 10:57:48.148684+00:00", "updated_at": "2022-10-16 10:57:48.148690+00:00", "profile_img_url": "https://i.pravatar.cc/150?img=33"}}, {"model": "tutorbook.user", "pk": 20, "fields": {"first_name": "Annie", "last_name": "Merritt", "email": "Annie.Merritt@yahoo.com", "user_type": 2, "created_at": "2022-10-16 10:57:48.149112+00:00", "updated_at": "2022-10-16 10:57:48.149121+00:00", "profile_img_url": "https://i.pravatar.cc/150?img=45"}}, {"model": "tutorbook.user", "pk": 21, "fields": {"first_name": "Kari", "last_name": "Coy", "email": "Kari.Coy@aol.com", "user_type": 2, "created_at": "2022-10-16 10:57:48.150219+00:00", "updated_at": "2022-10-16 10:57:48.150228+00:00", "profile_img_url": "https://i.pravatar.cc/150?img=21"}}, {"model": "tutorbook.user", "pk": 22, "fields": {"first_name": "Herbert", "last_name": "Cooley", "email": "Herbert.Cooley@yahoo.com", "user_type": 1, "created_at": "2022-10-16 10:57:48.150716+00:00", "updated_at": "2022-10-16 10:57:48.150723+00:00", "profile_img_url": "https://i.pravatar.cc/150?img=21"}}, {"model": "tutorbook.user", "pk": 23, "fields": {"first_name": "Charles", "last_name": "Garcia", "email": "Charles.Garcia@mail.com", "user_type": 1, "created_at": "2022-10-16 10:57:48.150943+00:00", "updated_at": "2022-10-16 10:57:48.150949+00:00", "profile_img_url": "https://i.pravatar.cc/150?img=20"}}, {"model": "tutorbook.user", "pk": 24, "fields": {"first_name": "Kim", "last_name": "Richards", "email": "Kim.Richards@gmail.com", "user_type": 1, "created_at": "2022-10-16 10:57:48.151239+00:00", "updated_at": "2022-10-16 10:57:48.151244+00:00", "profile_img_url": "https://i.pravatar.cc/150?img=26"}}, {"model": "tutorbook.user", "pk": 25, "fields": {"first_name": "Karen", "last_name": "Williams", "email": "Karen.Williams@aol.com", "user_type": 2, "created_at": "2022-10-16 10:57:48.151393+00:00", "updated_at": "2022-10-16 10:57:48.151398+00:00", "profile_img_url": "https://i.pravatar.cc/150?img=56"}}, {"model": "tutorbook.user", "pk": 26, "fields": {"first_name": "Joseph", "last_name": "Welch", "email": "Joseph.Welch@gmail.com", "user_type": 1, "created_at": "2022-10-16 10:57:48.151662+00:00", "updated_at": "2022-10-16 10:57:48.151669+00:00", "profile_img_url": "https://i.pravatar.cc/150?img=19"}}, {"model": "tutorbook.user", "pk": 27, "fields": {"first_name": "Roy", "last_name": "Vickers", "email": "Roy.Vickers@aol.com", "user_type": 2, "created_at": "2022-10-16 10:57:48.153392+00:00", "updated_at": "2022-10-16 10:57:48.153398+00:00", "profile_img_url": "https://i.pravatar.cc/150?img=62"}}, {"model": "tutorbook.user", "pk": 28, "fields": {"first_name": "Thomas", "last_name": "Mitchell", "email": "Thomas.Mitchell@gmail.com", "user_type": 2, "created_at": "2022-10-16 10:57:48.153564+00:00", "updated_at": "2022-10-16 10:57:48.153569+00:00", "profile_img_url": "https://i.pravatar.cc/150?img=45"}}, {"model": "tutorbook.user", "pk": 29, "fields": {"first_name": "Peter", "last_name": "Druck", "email": "Peter.Druck@yahoo.com", "user_type": 2, "created_at": "2022-10-16 10:57:48.161329+00:00", "updated_at": "2022-10-16 10:57:48.161337+00:00", "profile_img_url": "https://i.pravatar.cc/150?img=11"}}, {"model": "tutorbook.user", "pk": 30, "fields": {"first_name": "Alva", "last_name": "Anderson", "email": "Alva.Anderson@mail.com", "user_type": 2, "created_at": "2022-10-16 10:57:48.161893+00:00", "updated_at": "2022-10-16 10:57:48.161915+00:00", "profile_img_url": "https://i.pravatar.cc/150?img=48"}}, {"model": "tutorbook.user", "pk": 31, "fields": {"first_name": "Lydia", "last_name": "Finch", "email": "Lydia.Finch@gmail.com", "user_type": 1, "created_at": "2022-10-16 10:57:48.162461+00:00", "updated_at": "2022-10-16 10:57:48.162469+00:00", "profile_img_url": "https://i.pravatar.cc/150?img=62"}}, {"model": "tutorbook.user", "pk": 32, "fields": {"first_name": "Jerry", "last_name": "Collins", "email": "Jerry.Collins@hotmail.com", "user_type": 1, "created_at": "2022-10-16 10:57:48.162673+00:00", "updated_at": "2022-10-16 10:57:48.162679+00:00", "profile_img_url": "https://i.pravatar.cc/150?img=55"}}, {"model": "tutorbook.user", "pk": 33, "fields": {"first_name": "Trisha", "last_name": "Brooks", "email": "Trisha.Brooks@aol.com", "user_type": 1, "created_at": "2022-10-16 10:57:48.162992+00:00", "updated_at": "2022-10-16 10:57:48.162997+00:00", "profile_img_url": "https://i.pravatar.cc/150?img=15"}}, {"model": "tutorbook.user", "pk": 34, "fields": {"first_name": "David", "last_name": "Kenyon", "email": "David.Kenyon@yahoo.com", "user_type": 1, "created_at": "2022-10-16 10:57:48.163854+00:00", "updated_at": "2022-10-16 10:57:48.163859+00:00", "profile_img_url": "https://i.pravatar.cc/150?img=9"}}, {"model": "tutorbook.user", "pk": 35, "fields": {"first_name": "Daniel", "last_name": "Murillo", "email": "Daniel.Murillo@hotmail.com", "user_type": 1, "created_at": "2022-10-16 10:57:48.164407+00:00", "updated_at": "2022-10-16 10:57:48.164413+00:00", "profile_img_url": "https://i.pravatar.cc/150?img=28"}}, {"model": "tutorbook.user", "pk": 36, "fields": {"first_name": "Larry", "last_name": "Robinson", "email": "Larry.Robinson@aol.com", "user_type": 2, "created_at": "2022-10-16 10:57:48.164610+00:00", "updated_at": "2022-10-16 10:57:48.164617+00:00", "profile_img_url": "https://i.pravatar.cc/150?img=51"}}, {"model": "tutorbook.user", "pk": 37, "fields": {"first_name": "Janice", "last_name": "Bishop", "email": "Janice.Bishop@mail.com", "user_type": 1, "created_at": "2022-10-16 10:57:48.164933+00:00", "updated_at": "2022-10-16 10:57:48.164939+00:00", "profile_img_url": "https://i.pravatar.cc/150?img=36"}}, {"model": "tutorbook.user", "pk": 38, "fields": {"first_name": "Terese", "last_name": "Peden", "email": "Terese.Peden@mail.kz", "user_type": 2, "created_at": "2022-10-16 10:57:48.167188+00:00", "updated_at": "2022-10-16 10:57:48.167196+00:00", "profile_img_url": "https://i.pravatar.cc/150?img=43"}}, {"model": "tutorbook.user", "pk": 39, "fields": {"first_name": "Susan", "last_name": "Zoellner", "email": "Susan.Zoellner@aol.com", "user_type": 2, "created_at": "2022-10-16 10:57:48.175128+00:00", "updated_at": "2022-10-16 10:57:48.175140+00:00", "profile_img_url": "https://i.pravatar.cc/150?img=18"}}, {"model": "tutorbook.user", "pk": 40, "fields": {"first_name": "Ida", "last_name": "Petersen", "email": "Ida.Petersen@mail.com", "user_type": 2, "created_at": "2022-10-16 10:57:48.175541+00:00", "updated_at": "2022-10-16 10:57:48.175547+00:00", "profile_img_url": "https://i.pravatar.cc/150?img=22"}}, {"model": "tutorbook.user", "pk": 41, "fields": {"first_name": "Rodney", "last_name": "Stewart", "email": "Rodney.Stewart@hotmail.com", "user_type": 1, "created_at": "2022-10-16 10:57:48.175752+00:00", "updated_at": "2022-10-16 10:57:48.175757+00:00", "profile_img_url": "https://i.pravatar.cc/150?img=46"}}, {"model": "tutorbook.user", "pk": 42, "fields": {"first_name": "Shirley", "last_name": "Graham", "email": "Shirley.Graham@mail.com", "user_type": 2, "created_at": "2022-10-16 10:57:48.175935+00:00", "updated_at": "2022-10-16 10:57:48.175940+00:00", "profile_img_url": "https://i.pravatar.cc/150?img=66"}}, {"model": "tutorbook.user", "pk": 43, "fields": {"first_name": "Christy", "last_name": "Cox", "email": "Christy.Cox@mail.kz", "user_type": 2, "created_at": "2022-10-16 10:57:48.176170+00:00", "updated_at": "2022-10-16 10:57:48.176175+00:00", "profile_img_url": "https://i.pravatar.cc/150?img=44"}}, {"model": "tutorbook.user", "pk": 44, "fields": {"first_name": "Gary", "last_name": "Sharp", "email": "Gary.Sharp@gmail.com", "user_type": 1, "created_at": "2022-10-16 10:57:48.176410+00:00", "updated_at": "2022-10-16 10:57:48.176415+00:00", "profile_img_url": "https://i.pravatar.cc/150?img=24"}}, {"model": "tutorbook.user", "pk": 45, "fields": {"first_name": "Melissa", "last_name": "Hubbell", "email": "Melissa.Hubbell@hotmail.com", "user_type": 1, "created_at": "2022-10-16 10:57:48.177986+00:00", "updated_at": "2022-10-16 10:57:48.177991+00:00", "profile_img_url": "https://i.pravatar.cc/150?img=5"}}, {"model": "tutorbook.user", "pk": 46, "fields": {"first_name": "Kim", "last_name": "Keely", "email": "Kim.Keely@aol.com", "user_type": 2, "created_at": "2022-10-16 10:57:48.182033+00:00", "updated_at": "2022-10-16 10:57:48.182040+00:00", "profile_img_url": "https://i.pravatar.cc/150?img=36"}}, {"model": "tutorbook.user", "pk": 47, "fields": {"first_name": "Jack", "last_name": "Street", "email": "Jack.Street@aol.com", "user_type": 1, "created_at": "2022-10-16 10:57:48.182586+00:00", "updated_at": "2022-10-16 10:57:48.182592+00:00", "profile_img_url": "https://i.pravatar.cc/150?img=39"}}, {"model": "tutorbook.user", "pk": 48, "fields": {"first_name": "Terry", "last_name": "Volz", "email": "Terry.Volz@mail.com", "user_type": 1, "created_at": "2022-10-16 10:57:48.184152+00:00", "updated_at": "2022-10-16 10:57:48.184165+00:00", "profile_img_url": "https://i.pravatar.cc/150?img=51"}}, {"model": "tutorbook.user", "pk": 49, "fields": {"first_name": "Stacy", "last_name": "Gourdine", "email": "Stacy.Gourdine@mail.kz", "user_type": 1, "created_at": "2022-10-16 10:57:48.187135+00:00", "updated_at": "2022-10-16 10:57:48.187141+00:00", "profile_img_url": "https://i.pravatar.cc/150?img=42"}}, {"model": "tutorbook.user", "pk": 50, "fields": {"first_name": "Angel", "last_name": "Lynch", "email": "Angel.Lynch@yahoo.com", "user_type": 1, "created_at": "2022-10-16 10:57:48.187412+00:00", "updated_at": "2022-10-16 10:57:48.187417+00:00", "profile_img_url": "https://i.pravatar.cc/150?img=49"}}, {"model": "tutorbook.assignment", "pk": 1, "fields": {"published": false, "title": "Sit ipsum sit dolore.", "filled": false, "created_at": "2022-10-16 10:57:48.187452+00:00", "updated_at": "2022-10-16 10:57:48.187455+00:00", "published_at": null, "description": "/nConsectetur non sed quiquia voluptatem dolore. Ipsum neque sit velit adipisci porro. Quiquia porro labore dolor etincidunt quiquia numquam quiquia. Numquam amet est neque amet quisquam quisquam. Non adipisci aliquam eius sed quaerat neque./nEst sit ut consectetur etincidunt sit dolor. Voluptatem dolore sit numquam amet. Porro labore quaerat numquam dolorem aliquam eius amet. Adipisci amet voluptatem dolore ipsum. Velit est dolorem quiquia non. Eius eius eius quisquam modi consectetur quiquia modi.", "user": 1}}, {"model": "tutorbook.tutor", "pk": 1, "fields": {"published": false, "looking_for_assignment": false, "about_me": "/nVoluptatem ipsum eius adipisci adipisci. Modi numquam sit ipsum. Etincidunt aliquam porro amet. Dolor numquam labore consectetur. Tempora consectetur modi quaerat consectetur ipsum consectetur. Etincidunt amet velit numquam. Adipisci eius eius dolorem dolorem modi ut. Tempora magnam labore ut quiquia voluptatem ut aliquam.", "created_at": "2022-10-16 10:57:48.187551+00:00", "updated_at": "2022-10-16 10:57:48.187553+00:00", "published_at": null, "subscription_expires_at": null, "user": 3, "locations": [16, 52, 29, 51, 7, 37, 9, 19, 55, 54, 17, 42, 4, 24, 15, 2, 31, 24, 2, 40, 51, 13, 1, 36, 53, 19, 11, 7, 32, 19, 16], "levels": [17, 1, 5, 5, 15, 3, 4, 1, 18, 14, 17, 17, 12], "subjects": [75, 66, 88, 16, 91, 64, 76, 43, 18, 18, 3, 34, 99, 87, 7, 96, 100, 2, 6, 65, 8, 66, 35, 71, 23, 95, 49, 2, 50, 73, 54, 47, 84, 17, 38, 32]}}, {"model": "tutorbook.tutor", "pk": 2, "fields": {"published": true, "looking_for_assignment": true, "about_me": "/nIpsum consectetur dolor quaerat velit neque. Dolore etincidunt modi eius quaerat etincidunt labore. Velit adipisci ipsum aliquam magnam dolorem. Porro quiquia porro ipsum porro sed non sed. Quisquam non sit modi. Eius tempora ipsum modi dolore magnam etincidunt. Consectetur aliquam ipsum neque./nUt quisquam eius dolor. Adipisci tempora etincidunt sed etincidunt ipsum quaerat. Dolore etincidunt magnam porro. Porro est sed porro sit numquam ipsum. Dolore quaerat aliquam quaerat quiquia non ipsum non. Consectetur magnam non adipisci quisquam ipsum. Ut voluptatem modi eius dolor velit etincidunt.", "created_at": "2022-10-16 10:57:48.187671+00:00", "updated_at": "2022-10-16 10:57:48.187674+00:00", "published_at": "2022-10-16 10:57:48.187561+00:00", "subscription_expires_at": "2023-10-16 10:57:48.187563+00:00", "user": 4, "locations": [8, 49, 52, 11, 3, 10, 11, 9, 4, 46, 15, 48, 26, 45, 31], "levels": [19, 15, 15, 3, 3, 6, 13, 16, 18, 14], "subjects": [92, 70, 35, 89, 77, 27, 36, 12, 100, 60, 25, 28, 21, 94, 71, 20, 38, 91, 25, 70, 93, 6, 39, 38, 47, 59, 51, 21, 25, 10, 20, 28, 61, 26, 69, 93, 27, 33, 81, 52, 13, 91, 35, 76, 78, 49]}}, {"model": "tutorbook.tutor", "pk": 3, "fields": {"published": true, "looking_for_assignment": true, "about_me": "/nUt sed velit amet. Etincidunt amet dolore numquam etincidunt eius. Velit neque porro numquam sit labore. Quaerat voluptatem dolore quiquia amet est modi. Est porro tempora aliquam numquam labore neque etincidunt. Etincidunt dolore velit est sit. Etincidunt eius eius neque non ut consectetur. Modi velit quaerat amet numquam numquam. Ipsum voluptatem est non voluptatem aliquam modi. Est est numquam sit./nModi amet tempora eius neque quaerat consectetur. Magnam ut etincidunt neque voluptatem dolore. Est sit quiquia est aliquam amet aliquam. Tempora voluptatem ut etincidunt est aliquam. Ut eius amet dolore magnam non. Eius eius dolorem sed./nDolorem dolorem aliquam modi. Sed aliquam dolor non modi est aliquam dolor. Magnam ipsum adipisci quiquia. Eius porro voluptatem dolore tempora modi. Sit adipisci sed aliquam quiquia sed. Non est neque etincidunt velit non. Porro etincidunt etincidunt neque. Dolorem neque tempora tempora ipsum amet dolor modi. Dolorem dolore dolorem adipisci est eius./nEius magnam non dolorem etincidunt modi. Neque modi dolorem numquam. Neque ipsum porro magnam. Sed quaerat adipisci magnam porro. Quiquia eius sit labore ipsum non neque voluptatem. Sed quaerat quaerat dolore.", "created_at": "2022-10-16 10:57:48.187812+00:00", "updated_at": "2022-10-16 10:57:48.187814+00:00", "published_at": "2022-10-16 10:57:48.187678+00:00", "subscription_expires_at": "2023-10-16 10:57:48.187680+00:00", "user": 5, "locations": [39, 22, 26, 48, 38, 42, 6, 48, 17, 43, 53, 1, 3, 47, 5, 56, 7, 56, 11, 54, 11, 4, 40, 38, 55, 7, 49, 22, 51, 1, 22, 40, 51, 26, 36, 41, 10, 13, 45, 5, 54, 40, 37, 31, 55, 33, 41, 16], "levels": [6, 3, 6, 1, 3, 7, 17, 4, 15, 10, 7, 10, 1, 14, 7, 10, 18, 19, 2], "subjects": [45, 71, 84, 58, 10, 92, 98, 50, 51, 45, 88, 34, 50, 87, 77, 58, 40, 76, 98, 69, 34, 35, 25, 4, 84, 73, 73, 14, 44, 21, 100, 82, 18, 35, 88, 63, 77, 44, 23, 90, 10, 74, 93, 4, 57, 38, 28, 45, 18, 51, 80, 11, 38, 32, 93, 33, 51, 70, 63, 91, 59, 4, 86, 57, 3, 61, 90, 57, 19, 14, 7, 35, 70, 7, 56, 22, 57, 42, 32, 29, 100, 15, 12, 79, 62, 50, 16, 71]}}, {"model": "tutorbook.tutor", "pk": 4, "fields": {"published": true, "looking_for_assignment": true, "about_me": "/nSed velit dolorem ipsum quaerat tempora quiquia. Dolore neque non dolore non quaerat modi quaerat. Ipsum magnam quisquam modi labore. Ut non quiquia non quaerat tempora. Dolorem quiquia eius porro neque. Sit porro velit porro labore tempora non. Sit quisquam numquam tempora modi ut./nQuiquia eius voluptatem ipsum dolorem tempora. Voluptatem modi voluptatem voluptatem. Quiquia dolor amet amet modi. Aliquam sed tempora magnam magnam aliquam quisquam. Velit quisquam quisquam aliquam ut porro. Tempora porro quiquia est non non ut. Est quisquam quiquia consectetur etincidunt ipsum. Est quiquia magnam quisquam adipisci etincidunt modi dolor./nAdipisci modi labore ut ipsum porro dolorem. Dolore dolore consectetur non. Quaerat non quaerat tempora numquam amet dolor. Tempora labore ipsum sit quisquam sed. Labore quisquam ipsum consectetur sed dolore. Consectetur neque sed porro. Ut aliquam magnam quisquam dolorem labore non est. Consectetur ipsum dolor est modi. Amet quiquia non quiquia dolorem dolor dolorem modi. Ut quisquam non ut dolor./nVoluptatem est magnam etincidunt dolore neque modi est. Etincidunt consectetur etincidunt labore ipsum consectetur. Consectetur eius dolore aliquam. Neque dolore dolor magnam consectetur quiquia. Ut voluptatem neque quisquam dolor labore ut sed. Modi eius etincidunt tempora eius est est dolor. Amet est quiquia sit dolorem sed. Numquam ut aliquam magnam labore. Non porro quaerat dolorem quaerat non etincidunt sit./nIpsum adipisci magnam consectetur magnam. Non labore quaerat tempora dolore. Amet ipsum magnam ipsum ut sit consectetur. Aliquam dolorem etincidunt adipisci magnam porro non consectetur. Quisquam quaerat magnam dolorem quiquia non tempora ut.", "created_at": "2022-10-16 10:57:48.187975+00:00", "updated_at": "2022-10-16 10:57:48.187978+00:00", "published_at": "2022-10-16 10:57:48.187819+00:00", "subscription_expires_at": "2023-10-16 10:57:48.187821+00:00", "user": 6, "locations": [34, 35, 16, 32, 18, 51, 49, 31, 38, 17, 24, 11, 34, 42, 13, 9, 20, 21, 34, 17, 2, 16, 26, 11, 50], "levels": [15, 3, 7, 4, 18, 3], "subjects": [58, 40, 5, 54, 99, 8, 57, 10, 5, 16, 72, 3, 72, 10, 8, 16, 64, 71, 51, 12, 75, 56, 65, 17, 35, 20, 32, 98, 60, 1, 31, 52, 46, 46, 28, 81, 97, 91, 1, 10, 3, 59, 71, 75, 4, 37, 47, 11, 90, 8, 60, 61, 13, 48, 89, 6, 12, 53, 99, 51, 5, 78, 83, 5, 59, 68, 32, 69, 55, 76, 91, 28, 73, 66, 21, 14, 88, 8, 58, 57, 99, 94, 21, 29, 3, 22]}}, {"model": "tutorbook.tutor", "pk": 5, "fields": {"published": true, "looking_for_assignment": false, "about_me": "/nDolorem etincidunt numquam amet quiquia eius ipsum. Voluptatem quisquam quisquam sed quisquam porro magnam quiquia. Tempora ut dolorem magnam magnam neque quaerat. Etincidunt etincidunt non ut amet modi. Dolore sit labore aliquam non.", "created_at": "2022-10-16 10:57:48.188022+00:00", "updated_at": "2022-10-16 10:57:48.188024+00:00", "published_at": "2022-10-16 10:57:48.187983+00:00", "subscription_expires_at": "2023-10-16 10:57:48.187985+00:00", "user": 8, "locations": [51], "levels": [13, 18, 3, 2, 7, 2, 5, 19, 2, 9, 4, 12], "subjects": [92, 87, 58, 65, 19, 69, 69, 54, 9, 19, 15, 15, 91, 77, 82, 54, 20, 28, 31, 57, 27, 40, 1, 6, 76, 93, 54, 25, 23, 25, 98, 12, 64, 48, 14, 88, 14, 89]}}, {"model": "tutorbook.tutor", "pk": 6, "fields": {"published": true, "looking_for_assignment": false, "about_me": "/nAliquam aliquam ipsum consectetur. Voluptatem modi porro consectetur adipisci voluptatem sit consectetur. Velit numquam eius voluptatem quaerat amet aliquam. Neque aliquam consectetur ipsum est. Tempora non neque tempora sit labore./nLabore sit modi porro. Adipisci labore aliquam quiquia. Ut dolor dolore adipisci voluptatem ipsum sit. Neque modi sed sit eius porro magnam. Porro voluptatem adipisci sit magnam. Est etincidunt neque voluptatem. Etincidunt eius consectetur dolor. Dolorem eius neque modi porro aliquam tempora./nDolorem dolorem dolor consectetur ipsum sed. Modi sed eius quiquia consectetur numquam. Numquam consectetur velit voluptatem quisquam dolor sit ipsum. Ut dolor quiquia velit magnam est. Adipisci velit consectetur velit consectetur eius numquam. Dolor ipsum sed tempora quiquia etincidunt. Velit ut velit porro consectetur. Amet non ut sit porro sed. Aliquam modi dolore adipisci sed porro./nModi tempora numquam dolor. Neque magnam numquam ut voluptatem magnam numquam. Ut eius porro ut non. Amet numquam dolor quaerat quiquia. Magnam aliquam dolorem modi porro dolor. Quaerat voluptatem tempora consectetur sed. Non quaerat velit adipisci consectetur adipisci amet. Eius quiquia quiquia eius voluptatem sed non. Quaerat numquam etincidunt non neque quaerat aliquam sit. Est quiquia eius neque numquam eius voluptatem etincidunt./nSit dolorem tempora velit dolorem quiquia ut. Ipsum ipsum amet etincidunt sit est. Eius dolore labore aliquam est eius consectetur. Porro adipisci voluptatem dolor. Sit consectetur neque neque est. Dolore etincidunt quisquam consectetur aliquam sit ipsum sed. Sit tempora quiquia velit voluptatem. Velit est ipsum est. Modi non voluptatem voluptatem quisquam ut dolorem quaerat.", "created_at": "2022-10-16 10:57:48.188185+00:00", "updated_at": "2022-10-16 10:57:48.188188+00:00", "published_at": "2022-10-16 10:57:48.188029+00:00", "subscription_expires_at": "2023-10-16 10:57:48.188031+00:00", "user": 10, "locations": [53, 34, 6, 32, 43, 5, 44, 7, 3, 16, 51, 18, 47, 56, 17, 35, 52, 2, 14, 19, 11, 16, 5, 22, 15, 21, 4, 54, 30, 8, 4, 54], "levels": [6, 6, 6, 18, 13, 7, 19, 2, 10, 16, 14, 12, 5, 10, 14, 7, 4], "subjects": [75, 29, 51, 87, 39, 61, 51, 68, 58, 76, 70, 90, 69, 67, 57, 40, 4, 5, 92, 50, 96, 7, 5, 9, 24, 33, 21, 19, 14, 90, 100, 67, 6, 97, 18, 36, 51, 87, 71, 16, 48, 52, 64, 37, 26, 56, 84, 55, 80, 82, 61, 46]}}, {"model": "tutorbook.tutor", "pk": 7, "fields": {"published": false, "looking_for_assignment": false, "about_me": "/nConsectetur amet adipisci modi sit quiquia eius. Etincidunt adipisci labore numquam amet sed. Numquam aliquam labore labore. Sed porro sit etincidunt non etincidunt modi. Etincidunt porro consectetur dolore numquam non amet est./nNeque consectetur est consectetur etincidunt. Eius neque porro sed ipsum numquam. Magnam dolor dolor numquam voluptatem sit. Dolorem porro sit sed sed quiquia consectetur amet. Aliquam dolore dolorem sit. Eius modi modi tempora eius voluptatem quiquia./nEius dolore adipisci voluptatem aliquam voluptatem dolore. Quiquia dolor amet labore voluptatem. Tempora etincidunt dolor etincidunt quiquia etincidunt. Quaerat eius etincidunt tempora etincidunt eius est. Est ipsum dolor voluptatem tempora dolore porro magnam. Ipsum porro neque sit modi modi./nSed tempora modi amet. Numquam dolorem quiquia ipsum quisquam. Sed dolorem sit ipsum. Modi quiquia adipisci quisquam sed. Tempora neque neque eius quisquam. Dolore consectetur tempora consectetur ut consectetur. Velit dolor quiquia adipisci ipsum quiquia adipisci neque. Dolor dolore neque neque amet ipsum quisquam velit. Dolorem eius non labore non tempora./nEtincidunt sed tempora sit. Dolor amet dolor dolorem neque tempora etincidunt. Eius dolor numquam velit sed adipisci. Porro non dolor est. Voluptatem porro quisquam quiquia porro dolor porro. Non sed sed dolore modi ut consectetur. Sed labore consectetur labore. Magnam neque tempora amet est neque sed. Quiquia aliquam eius sed numquam sit dolor.", "created_at": "2022-10-16 10:57:48.188314+00:00", "updated_at": "2022-10-16 10:57:48.188316+00:00", "published_at": null, "subscription_expires_at": null, "user": 11, "locations": [16, 43, 23, 12, 48, 19, 13, 20, 47, 51, 50, 6, 25, 14, 37, 2, 52, 49, 51, 12, 35, 26, 3, 54, 3, 19, 25], "levels": [4, 16, 14], "subjects": [78, 23, 85, 96, 43, 31, 18, 50, 18, 54, 100, 85, 8, 35, 6, 1, 7, 60, 29, 37, 19, 27, 65, 52, 99, 53, 79, 37, 66, 3, 63, 99, 28, 28, 87, 88, 30, 94, 90, 58, 58, 79, 44, 2, 24, 52, 69, 73, 87, 35, 42, 70, 24, 86, 5, 29, 99, 38, 7, 95, 12, 30, 54, 84, 90, 29, 64, 87, 10, 28, 44, 47, 68, 66, 60, 88, 16, 95, 43, 34, 88, 40, 11, 75]}}, {"model": "tutorbook.assignment", "pk": 2, "fields": {"published": false, "title": "Dolor consectetur eius voluptatem.", "filled": false, "created_at": "2022-10-16 10:57:48.188325+00:00", "updated_at": "2022-10-16 10:57:48.188327+00:00", "published_at": null, "description": "/nAdipisci consectetur modi aliquam. Dolorem quisquam eius etincidunt. Labore quiquia amet numquam quiquia. Eius sit ipsum non sed. Velit consectetur numquam quiquia tempora dolore. Voluptatem dolore labore ipsum amet magnam. Tempora adipisci quiquia consectetur porro quisquam ipsum. Quisquam aliquam adipisci aliquam ipsum ipsum. Sit modi dolorem non est etincidunt./nNon modi amet etincidunt. Etincidunt eius eius quisquam non aliquam aliquam. Dolorem quisquam voluptatem consectetur numquam. Numquam labore consectetur magnam modi. Consectetur velit est quiquia labore. Etincidunt velit eius numquam quisquam. Voluptatem tempora quaerat modi./nQuiquia quisquam amet labore amet. Sed voluptatem est sit adipisci ut. Non sed voluptatem labore numquam quaerat aliquam dolorem. Non dolore amet non. Labore dolor est labore sed magnam. Est dolore dolore magnam quiquia. Modi non non dolorem labore adipisci voluptatem. Dolor tempora neque quisquam numquam est velit. Quaerat quisquam numquam non tempora consectetur numquam. Dolorem modi quiquia aliquam tempora.", "user": 14}}, {"model": "tutorbook.assignment", "pk": 3, "fields": {"published": true, "title": "Dolore ut labore eius labore.", "filled": false, "created_at": "2022-10-16 10:57:48.188414+00:00", "updated_at": "2022-10-16 10:57:48.188416+00:00", "published_at": "2022-10-16 10:57:48.188408+00:00", "description": "/nQuiquia aliquam quaerat ut quiquia. Etincidunt dolore modi ut sed etincidunt. Quisquam neque eius modi velit. Labore dolore tempora dolor sit dolorem ipsum. Etincidunt magnam numquam consectetur dolor./nQuisquam adipisci dolore quaerat consectetur. Non non eius amet. Dolorem voluptatem sed consectetur neque est. Dolore eius amet sed neque ut dolorem dolore. Numquam modi numquam non est dolore.", "user": 16}}, {"model": "tutorbook.tutor", "pk": 8, "fields": {"published": false, "looking_for_assignment": false, "about_me": "/nAmet quaerat dolore ut tempora. Aliquam numquam modi non ut amet voluptatem. Magnam velit dolor dolore sit. Non est sit amet consectetur consectetur quaerat neque. Tempora quisquam magnam eius velit tempora numquam sit. Labore porro labore ut tempora./nEius sit amet ut. Neque est quisquam velit. Adipisci voluptatem sit numquam quisquam quiquia. Ut etincidunt amet eius eius est dolor adipisci. Non magnam magnam voluptatem numquam dolore quiquia. Amet dolore modi numquam. Porro eius ut numquam quiquia velit. Consectetur voluptatem dolor quisquam est magnam quisquam quaerat. Aliquam quisquam neque tempora ut porro./nDolor adipisci modi aliquam dolor magnam quiquia. Modi magnam neque numquam. Quisquam amet dolore numquam dolorem dolor. Etincidunt numquam modi amet numquam aliquam. Aliquam numquam labore sed quaerat voluptatem. Dolor neque sed magnam magnam sed./nVoluptatem numquam quaerat labore consectetur voluptatem quaerat. Ut consectetur labore eius tempora. Non dolore adipisci ipsum sed modi. Magnam sit eius neque ut porro. Dolor aliquam eius magnam. Modi dolorem quiquia neque ut tempora. Dolorem magnam dolorem aliquam. Dolore porro sed labore. Neque etincidunt etincidunt amet aliquam sed voluptatem./nAdipisci tempora tempora velit amet. Porro magnam dolorem magnam amet. Quiquia quisquam magnam labore etincidunt. Labore etincidunt aliquam amet numquam quisquam. Dolor est velit ipsum est amet aliquam. Sed quisquam non quaerat numquam ut velit aliquam. Ipsum adipisci velit numquam dolor porro amet adipisci. Dolore neque magnam ut quiquia dolor voluptatem. Non magnam aliquam aliquam amet dolor voluptatem dolor. Porro porro porro sit quisquam.", "created_at": "2022-10-16 10:57:48.188587+00:00", "updated_at": "2022-10-16 10:57:48.188590+00:00", "published_at": null, "subscription_expires_at": null, "user": 17, "locations": [42, 40, 7, 31, 14, 5, 47, 17, 6, 5, 26, 52, 56, 11, 50, 10, 29, 36, 54, 41, 48, 39, 27, 39, 42], "levels": [5, 1, 11], "subjects": [98, 69, 64, 75, 13, 61, 24, 15, 53, 51]}}, {"model": "tutorbook.tutor", "pk": 9, "fields": {"published": false, "looking_for_assignment": false, "about_me": "/nUt aliquam labore adipisci porro modi quaerat. Ipsum porro labore quaerat ut. Numquam eius quisquam quiquia ipsum dolore. Tempora quisquam non consectetur magnam non. Magnam dolor sit quisquam neque est modi quiquia. Ipsum dolore dolor ut porro. Eius voluptatem eius quiquia. Sit consectetur magnam etincidunt dolorem adipisci non./nQuaerat eius labore quiquia. Numquam dolor ut sed. Quiquia eius est dolor dolore amet labore porro. Sed dolore est sed dolor voluptatem dolor. Numquam quiquia etincidunt porro numquam. Eius est aliquam sit ut adipisci quiquia ut.", "created_at": "2022-10-16 10:57:48.188648+00:00", "updated_at": "2022-10-16 10:57:48.188650+00:00", "published_at": null, "subscription_expires_at": null, "user": 20, "locations": [4, 10, 52, 47, 1, 20, 45, 43, 23, 33, 35, 32, 42, 41, 51, 4, 33, 37, 34, 36, 44, 32, 2, 20, 56, 53, 9, 55, 48, 36, 20, 46, 54, 1, 18, 8, 17, 25, 6, 45, 13, 8, 11, 4, 36, 49, 5, 21, 7, 43, 6, 27, 16, 20, 15, 27], "levels": [3, 10, 8, 4], "subjects": [85, 60, 5, 98, 81, 88, 86, 75, 87, 56, 32, 21, 37, 37, 34, 4, 9, 35, 31]}}, {"model": "tutorbook.tutor", "pk": 10, "fields": {"published": false, "looking_for_assignment": true, "about_me": "/nSed dolorem neque dolorem. Tempora etincidunt ut ipsum quisquam. Dolor dolore dolor etincidunt modi sit consectetur. Dolorem sed labore magnam. Non dolore neque magnam voluptatem labore. Ipsum quaerat quisquam tempora consectetur non. Modi eius numquam quiquia quisquam ipsum neque. Consectetur ut dolore sed. Ipsum etincidunt voluptatem quisquam adipisci.", "created_at": "2022-10-16 10:57:48.188699+00:00", "updated_at": "2022-10-16 10:57:48.188701+00:00", "published_at": null, "subscription_expires_at": null, "user": 21, "locations": [8, 42, 1, 15, 44, 16, 35, 43, 15, 15, 48, 50, 47, 23, 29, 52, 1, 10, 16, 55, 42, 20, 49, 25, 22, 46, 47, 11, 36, 40, 48, 21, 10, 34, 9, 14, 13, 56, 42, 38, 26, 24, 42, 39, 48, 56, 13], "levels": [16, 5, 2, 5, 2, 7, 15, 13, 12, 16, 7, 19, 1, 14, 13], "subjects": [97, 70, 51, 52, 96, 17, 59, 48, 61, 1, 31, 53, 41, 69, 32, 96, 4, 69, 36, 56, 29, 3, 88, 11, 4, 40, 31, 69, 27, 50, 64, 76, 11, 43, 61, 77, 40, 55, 31, 35, 73, 36, 46, 20, 63, 66, 51, 21, 16, 61, 13, 86, 32, 41, 35, 16, 44, 9, 33, 86, 62, 56, 24, 78, 10, 16, 14, 68, 69, 36, 11, 5, 39, 5, 94, 87, 47, 1, 20, 47, 66, 71, 1, 11, 80, 46, 100]}}, {"model": "tutorbook.assignment", "pk": 4, "fields": {"published": false, "title": "Dolor tempora magnam aliquam quiquia.", "filled": false, "created_at": "2022-10-16 10:57:48.188708+00:00", "updated_at": "2022-10-16 10:57:48.188711+00:00", "published_at": null, "description": "/nAdipisci ipsum tempora quisquam numquam. Etincidunt dolorem sit dolorem ipsum est magnam dolorem. Tempora quisquam sed quiquia neque. Sed aliquam eius porro. Quisquam aliquam sed sed modi.", "user": 22}}, {"model": "tutorbook.assignment", "pk": 5, "fields": {"published": false, "title": "Etincidunt quaerat modi ut ipsum eius magnam etincidunt.", "filled": false, "created_at": "2022-10-16 10:57:48.188734+00:00", "updated_at": "2022-10-16 10:57:48.188736+00:00", "published_at": null, "description": "/nNumquam etincidunt magnam dolorem dolor amet numquam labore. Porro adipisci amet numquam. Neque quaerat numquam aliquam eius ipsum quiquia ipsum. Quaerat consectetur consectetur adipisci. Sit aliquam labore amet./nQuisquam consectetur tempora porro est dolore velit. Tempora aliquam magnam sit. Porro non adipisci aliquam dolor velit dolore ipsum. Aliquam dolore est velit dolorem. Adipisci dolorem amet neque. Neque consectetur etincidunt sit. Quaerat eius amet ipsum voluptatem ut consectetur consectetur. Tempora sit quiquia est./nQuaerat porro velit neque quisquam quisquam quisquam. Neque consectetur eius labore. Quisquam adipisci velit quaerat adipisci. Eius quaerat quiquia quisquam quiquia ipsum etincidunt ut. Eius amet dolore quaerat quisquam dolorem porro consectetur. Numquam tempora quisquam est non aliquam porro. Numquam dolorem dolorem labore quisquam quiquia sit sit.", "user": 23}}, {"model": "tutorbook.tutor", "pk": 11, "fields": {"published": false, "looking_for_assignment": false, "about_me": "/nDolore neque etincidunt est velit quisquam consectetur. Sit magnam voluptatem aliquam quaerat sed numquam. Ut amet quisquam tempora consectetur quisquam aliquam porro. Dolorem sit ut quiquia. Numquam adipisci etincidunt adipisci modi. Sed numquam sit neque magnam dolore dolorem dolor. Sit labore est ipsum./nDolore aliquam sit ipsum voluptatem dolor dolorem. Quaerat adipisci modi ut. Etincidunt numquam quisquam etincidunt etincidunt. Est magnam labore dolore numquam aliquam tempora. Etincidunt dolor quiquia ut quiquia. Quiquia labore quiquia quaerat ipsum./nDolor magnam sed dolore modi tempora neque neque. Neque neque dolorem quaerat aliquam aliquam ipsum eius. Quaerat est ipsum eius tempora. Numquam quiquia dolorem modi etincidunt quiquia. Quaerat dolor magnam consectetur magnam. Eius labore dolore sit. Dolore neque tempora est dolor tempora quisquam aliquam. Ipsum ipsum sed magnam ipsum ipsum non eius. Aliquam sed velit sed magnam./nEst magnam ut voluptatem. Dolor tempora non velit. Porro eius neque labore non. Ipsum velit adipisci aliquam ut. Dolor sed aliquam labore tempora magnam. Numquam sit dolor amet aliquam adipisci. Adipisci dolore dolorem dolorem etincidunt ut./nQuiquia neque adipisci dolor labore. Adipisci quisquam labore porro quiquia. Etincidunt voluptatem labore tempora. Non dolore magnam quaerat quiquia labore ut consectetur. Voluptatem voluptatem sit quaerat. Eius dolor sed numquam.", "created_at": "2022-10-16 10:57:48.188919+00:00", "updated_at": "2022-10-16 10:57:48.188922+00:00", "published_at": null, "subscription_expires_at": null, "user": 25, "locations": [30, 1], "levels": [16, 13, 19, 18, 7, 1, 7, 19, 6, 3, 6, 8, 14, 13, 15], "subjects": [85, 87, 66, 60, 99, 63, 58, 97, 12, 80, 31, 64, 70, 35, 87, 32, 24, 79, 72, 46, 82, 65, 11, 74, 30, 34, 6, 36, 99, 3, 30, 96, 52, 61, 21, 16, 55, 37, 18, 75, 11, 72, 48, 43, 100, 80, 62, 94, 77, 70, 49, 20, 25, 67, 55, 19, 44, 90, 82, 11, 79, 59, 73, 62, 19, 21, 20, 7, 92, 27, 23, 75, 21, 93, 12, 1, 1, 83, 35, 60, 8, 81, 42, 3, 30, 65, 21, 67, 71, 6, 46, 12, 32]}}, {"model": "tutorbook.tutor", "pk": 12, "fields": {"published": false, "looking_for_assignment": false, "about_me": "/nModi voluptatem sed tempora quiquia eius non labore. Porro eius dolorem numquam adipisci voluptatem voluptatem. Modi modi est modi numquam consectetur adipisci. Quisquam dolorem aliquam porro sit. Dolorem modi quaerat voluptatem non voluptatem./nEius ut ut aliquam dolor. Adipisci numquam magnam ut sed sed quiquia dolorem. Sed voluptatem ipsum etincidunt. Ut magnam eius numquam porro consectetur. Porro velit etincidunt non est adipisci. Dolor ipsum sed aliquam dolor sed quaerat etincidunt. Modi quaerat quisquam etincidunt quisquam neque. Etincidunt neque consectetur porro. Dolor velit velit ut dolor velit porro ipsum.", "created_at": "2022-10-16 10:57:48.188985+00:00", "updated_at": "2022-10-16 10:57:48.188987+00:00", "published_at": null, "subscription_expires_at": null, "user": 27, "locations": [37, 54, 32, 34, 42, 56, 29, 50, 6, 36, 25, 39, 30, 37, 14, 37, 5, 20, 43, 30, 24, 55, 41, 24, 8, 33, 32, 40, 26, 9, 22, 43, 54, 16, 4, 18, 53, 19, 16, 36, 42, 37, 45, 40, 28, 36, 33, 43, 27, 27], "levels": [18, 6, 13, 18, 3, 15, 18, 4, 5, 11, 1], "subjects": [73, 76, 29, 75, 79, 89, 82, 1, 78, 88, 99, 80, 21, 46, 46, 27, 99, 80, 21, 55, 72, 90, 30, 56, 12, 36, 59, 6, 96, 38, 1, 2, 18, 63, 26, 19, 77, 42, 11, 39, 20, 66, 78, 33, 66, 42, 38, 27, 56, 68, 62, 67, 27, 39, 62, 25, 94, 93, 96, 88, 47, 50, 12, 94, 68, 96, 19]}}, {"model": "tutorbook.tutor", "pk": 13, "fields": {"published": true, "looking_for_assignment": false, "about_me": "/nEtincidunt labore quiquia eius. Velit quisquam porro porro dolore eius. Velit ut quaerat tempora modi. Labore magnam ipsum numquam amet neque sed est. Dolor etincidunt etincidunt labore. Tempora ut voluptatem consectetur adipisci amet neque./nQuiquia sit est aliquam porro quisquam neque. Voluptatem non quisquam velit quisquam ut ut sed. Sed ut eius labore. Sed amet ipsum amet quiquia ipsum modi. Sit tempora etincidunt sit./nVelit sed quaerat ipsum ut est sed. Sed ipsum neque ipsum sit labore quiquia dolor. Velit adipisci non porro modi quaerat. Labore quisquam quaerat etincidunt. Voluptatem adipisci aliquam eius non amet. Adipisci neque modi modi dolor. Quaerat neque velit non etincidunt. Dolorem eius velit amet adipisci dolor sit./nAdipisci dolore quiquia amet. Neque magnam porro consectetur sit quaerat. Dolorem voluptatem etincidunt non numquam. Tempora ut etincidunt porro. Consectetur sed velit dolorem non labore velit. Dolorem sit dolor numquam.", "created_at": "2022-10-16 10:57:48.189094+00:00", "updated_at": "2022-10-16 10:57:48.189097+00:00", "published_at": "2022-10-16 10:57:48.188990+00:00", "subscription_expires_at": "2023-10-16 10:57:48.188993+00:00", "user": 28, "locations": [46, 28, 12, 29, 15, 2, 37, 9, 31, 20, 2, 47, 39, 43, 32, 31, 31, 4, 45, 52, 36, 45, 15, 32, 1, 50, 53, 53, 28, 3, 7, 34, 1, 47, 15, 30, 1, 40, 19, 31, 33, 22, 51, 34, 27, 43, 51, 14, 24, 27, 7, 25, 50, 18], "levels": [13, 17, 9, 17, 4, 18, 10, 18, 2, 13, 15, 7, 13], "subjects": [16, 44, 80, 47, 39, 27, 88, 8, 71, 15, 62, 63, 53, 43, 100, 63, 90, 22, 49, 8, 10, 55, 72, 5, 49, 71, 62, 67, 84, 37, 48, 87, 2]}}, {"model": "tutorbook.tutor", "pk": 14, "fields": {"published": true, "looking_for_assignment": false, "about_me": "/nEtincidunt neque magnam quaerat dolore quiquia quisquam modi. Quisquam quaerat voluptatem amet amet. Quiquia adipisci consectetur porro modi etincidunt velit. Amet sed est eius voluptatem magnam dolorem. Non modi neque est voluptatem quaerat tempora magnam. Amet tempora est neque aliquam modi consectetur sit. Non etincidunt sit adipisci tempora numquam dolor tempora. Dolore numquam tempora quisquam tempora velit magnam etincidunt./nQuisquam etincidunt consectetur adipisci. Dolor magnam consectetur neque eius. Dolor quiquia non quisquam etincidunt sed neque porro. Dolorem magnam numquam sed. Modi ipsum dolore amet sit adipisci. Non dolorem eius consectetur dolor. Quaerat dolorem quaerat sit amet./nMagnam adipisci labore quisquam tempora velit ipsum. Non dolore aliquam sit. Consectetur numquam voluptatem non voluptatem consectetur numquam labore. Quaerat dolore aliquam velit sit adipisci adipisci voluptatem. Tempora neque eius porro sed. Sed etincidunt ipsum modi velit labore./nPorro dolor eius quisquam eius. Sed eius quisquam quiquia sit. Etincidunt est adipisci porro ipsum aliquam. Aliquam modi quisquam quisquam amet velit. Aliquam etincidunt labore adipisci. Aliquam aliquam sit quisquam magnam tempora. Labore ipsum ut voluptatem aliquam ut magnam voluptatem. Etincidunt neque consectetur aliquam dolorem ipsum. Aliquam est voluptatem dolore quiquia.", "created_at": "2022-10-16 10:57:48.189222+00:00", "updated_at": "2022-10-16 10:57:48.189224+00:00", "published_at": "2022-10-16 10:57:48.189101+00:00", "subscription_expires_at": "2023-10-16 10:57:48.189103+00:00", "user": 29, "locations": [14, 41, 36, 34, 38, 9, 26, 53, 35, 15], "levels": [12, 15, 6, 8, 18, 7, 2, 15], "subjects": [1, 24, 35, 40, 13, 88, 18, 50, 10, 95, 17, 43, 81, 89, 22, 61, 58, 89, 58, 69, 74, 78, 97, 16, 1, 22, 99, 22, 100, 70, 75, 26, 84, 84, 33, 77, 73, 79, 34, 49, 61, 57, 54, 52, 69, 32, 51, 43, 6, 20, 77, 82, 61, 16, 13, 9, 23, 31, 83, 26, 83, 33, 89, 73, 30, 80, 10, 84, 22, 15, 54, 78, 16, 86, 90, 53, 67, 59, 90, 1, 66, 37, 96]}}, {"model": "tutorbook.tutor", "pk": 15, "fields": {"published": false, "looking_for_assignment": true, "about_me": "/nLabore sed dolor neque dolor numquam est. Neque quiquia labore quiquia voluptatem ut. Velit aliquam consectetur eius. Aliquam dolorem tempora neque consectetur numquam consectetur aliquam. Etincidunt labore amet est.", "created_at": "2022-10-16 10:57:48.189255+00:00", "updated_at": "2022-10-16 10:57:48.189257+00:00", "published_at": null, "subscription_expires_at": null, "user": 30, "locations": [7, 3, 53, 30, 17, 6, 37, 49, 50, 27, 55, 34, 39, 56, 12, 19, 2, 51, 30, 19, 15, 38, 44, 16, 53, 8, 45, 34, 25, 40, 11, 23, 29, 37, 15, 48, 18, 7, 5, 10, 22, 22, 53, 10, 31, 18, 7, 32, 8, 9, 39, 36], "levels": [19, 9, 8], "subjects": [82, 29, 38, 37, 66, 71, 53, 93, 25, 89, 83, 95, 67, 71, 86, 78, 96, 62, 87, 52, 1, 13, 5, 60, 36, 78, 21, 57, 1, 57, 80, 19, 31, 81, 23, 80, 69, 66, 99, 1, 40, 51, 32, 9]}}, {"model": "tutorbook.assignment", "pk": 6, "fields": {"published": false, "title": "Eius dolore sed dolore labore.", "filled": false, "created_at": "2022-10-16 10:57:48.189265+00:00", "updated_at": "2022-10-16 10:57:48.189267+00:00", "published_at": null, "description": "/nNon modi etincidunt ut. Est magnam non ipsum porro. Aliquam quiquia modi consectetur. Ipsum eius adipisci dolorem. Est dolor est labore dolor dolor non etincidunt. Tempora eius velit porro sit non adipisci. Ipsum velit sit modi neque aliquam porro dolore. Sit velit labore quisquam dolor voluptatem ipsum./nSit numquam porro velit adipisci. Labore quisquam quiquia sed quiquia sit. Aliquam adipisci labore quaerat ut. Quaerat dolore etincidunt eius consectetur dolor. Consectetur modi labore etincidunt dolor. Ipsum etincidunt porro non quisquam. Aliquam tempora quisquam ipsum neque eius. Ut etincidunt voluptatem eius labore voluptatem voluptatem sed./nMagnam ipsum voluptatem est magnam. Aliquam amet dolore est. Labore consectetur etincidunt quaerat quisquam. Numquam porro sit modi sed sit magnam. Magnam tempora quaerat adipisci dolor.", "user": 32}}, {"model": "tutorbook.assignment", "pk": 7, "fields": {"published": true, "title": "Dolore dolor consectetur porro est voluptatem sed.", "filled": false, "created_at": "2022-10-16 10:57:48.189341+00:00", "updated_at": "2022-10-16 10:57:48.189343+00:00", "published_at": "2022-10-16 10:57:48.189334+00:00", "description": "/nConsectetur sed etincidunt voluptatem sit. Dolore est quisquam ipsum etincidunt numquam porro. Est sit adipisci tempora neque porro. Magnam velit ut amet etincidunt. Numquam est quiquia magnam magnam. Quisquam porro etincidunt non etincidunt velit dolore. Velit ipsum quaerat modi eius dolore labore. Aliquam modi consectetur amet labore. Modi tempora quiquia voluptatem dolor amet. Quaerat quiquia ipsum quaerat velit./nTempora tempora amet magnam modi dolore labore amet. Modi quisquam dolor sit. Consectetur amet sed neque voluptatem dolore etincidunt. Sed non amet sit. Quiquia adipisci magnam magnam dolorem modi. Dolor neque labore tempora est etincidunt quaerat aliquam. Voluptatem est adipisci voluptatem. Adipisci voluptatem ut sed.", "user": 33}}, {"model": "tutorbook.assignment", "pk": 8, "fields": {"published": true, "title": "Sit modi adipisci dolore est dolore voluptatem.", "filled": true, "created_at": "2022-10-16 10:57:48.189410+00:00", "updated_at": "2022-10-16 10:57:48.189412+00:00", "published_at": "2022-10-16 10:57:48.189403+00:00", "description": "/nQuaerat aliquam porro neque quaerat voluptatem etincidunt. Dolore quisquam neque tempora etincidunt sit. Quisquam dolor ipsum sit. Sed numquam tempora est magnam. Ut sed sed adipisci velit. Dolorem eius magnam quaerat velit numquam dolor eius.", "user": 35}}, {"model": "tutorbook.tutor", "pk": 16, "fields": {"published": false, "looking_for_assignment": false, "about_me": "/nLabore porro consectetur ut velit magnam velit quisquam. Dolore sed magnam sit sed dolore consectetur consectetur. Aliquam aliquam magnam quaerat ut modi non labore. Quaerat adipisci porro labore labore velit aliquam. Labore quisquam modi adipisci neque ut voluptatem non. Velit sed labore dolor ut quisquam. Sit dolorem non numquam est tempora labore quiquia./nDolorem sed adipisci labore adipisci labore adipisci porro. Neque etincidunt amet consectetur. Magnam voluptatem quiquia velit. Dolorem ipsum etincidunt quaerat sit adipisci consectetur modi. Amet dolor sit dolorem dolore modi. Quisquam labore non quiquia adipisci. Consectetur quaerat quisquam eius voluptatem sit aliquam. Sit quiquia magnam non quiquia velit neque. Numquam ut est sit sit./nQuiquia eius labore dolore numquam consectetur sit. Numquam amet sit consectetur velit. Dolore dolorem modi modi tempora voluptatem ipsum. Etincidunt sed neque sit etincidunt voluptatem. Magnam quiquia dolore neque. Est ut ut etincidunt dolorem. Consectetur dolore adipisci neque amet. Quiquia est dolor dolore dolor. Velit quaerat labore porro. Amet etincidunt amet eius quisquam magnam adipisci ipsum./nConsectetur quisquam adipisci velit sit. Numquam quaerat sit ipsum tempora labore dolore porro. Quaerat adipisci ut est dolor porro dolore neque. Amet ipsum consectetur dolor quaerat modi dolore. Eius eius non eius est. Dolor labore porro eius. Voluptatem porro ipsum porro neque ipsum tempora./nSit labore ut quiquia velit. Amet sit magnam amet etincidunt amet eius. Quiquia amet ipsum sed aliquam dolore. Consectetur adipisci etincidunt ut neque numquam porro. Velit tempora porro sed neque amet dolore. Ut consectetur non labore. Non porro magnam magnam quiquia sed consectetur. Dolor velit est sed. Dolorem adipisci velit velit neque tempora.", "created_at": "2022-10-16 10:57:48.189584+00:00", "updated_at": "2022-10-16 10:57:48.189586+00:00", "published_at": null, "subscription_expires_at": null, "user": 36, "locations": [23, 28, 34, 34, 47, 39, 13, 26, 3, 53, 6, 24, 26, 13, 31, 13, 16, 17, 11, 4, 24, 21, 52, 35, 1, 40, 10, 24, 33, 31, 12, 8, 52], "levels": [18, 10, 17], "subjects": [68, 78, 1, 80, 6, 58, 79, 87, 50, 53, 13, 100, 25, 62, 76, 7, 12, 92, 94, 87, 73, 24, 57, 62, 26, 59, 33, 35, 4, 43, 90, 10, 56, 61, 47, 83, 48, 74, 42, 32, 11, 33, 48, 53, 28, 35, 24, 14, 62, 69, 49, 31, 95, 51, 17, 73, 64, 73, 66, 68, 37, 8, 93, 12, 8, 21, 48, 68, 6, 12, 42, 96, 42, 64, 86, 30]}}, {"model": "tutorbook.tutor", "pk": 17, "fields": {"published": false, "looking_for_assignment": false, "about_me": "/nModi modi est sed. Etincidunt eius quiquia consectetur amet etincidunt velit voluptatem. Modi aliquam sit dolore labore quisquam quisquam non. Quiquia voluptatem porro quaerat est. Amet porro aliquam numquam. Quaerat adipisci quaerat neque consectetur neque neque. Dolor neque quaerat quisquam neque voluptatem. Quisquam neque dolore dolore est. Velit non sed quaerat./nQuisquam aliquam dolor porro neque quisquam dolore non. Ut velit porro porro voluptatem dolor quisquam voluptatem. Ipsum quisquam dolorem adipisci magnam magnam velit. Tempora est voluptatem consectetur. Aliquam magnam velit numquam velit. Ut adipisci labore numquam dolore. Sed velit dolorem aliquam consectetur porro quisquam quisquam. Dolorem labore modi sit./nTempora numquam porro quiquia labore. Neque non sed velit porro quisquam quisquam porro. Non modi amet ut. Ut ipsum quisquam amet porro ipsum magnam modi. Labore etincidunt dolorem magnam velit porro. Est quiquia est dolorem consectetur tempora sed.", "created_at": "2022-10-16 10:57:48.189674+00:00", "updated_at": "2022-10-16 10:57:48.189676+00:00", "published_at": null, "subscription_expires_at": null, "user": 38, "locations": [1, 13, 16, 52, 33, 1, 17, 42, 15, 28, 13, 46, 26, 20, 11, 39], "levels": [6], "subjects": [75, 7, 54, 71, 90, 86, 81, 26, 80, 91, 15, 64, 33, 10, 3, 31, 1, 30, 40, 6, 78, 23, 75, 90, 83, 69, 61, 17, 66, 66, 2, 73, 54, 22, 33, 13, 19, 77, 58]}}, {"model": "tutorbook.tutor", "pk": 18, "fields": {"published": false, "looking_for_assignment": false, "about_me": "/nEius porro dolorem etincidunt sit sit porro dolore. Quiquia aliquam eius sit voluptatem magnam labore. Non dolor aliquam velit quiquia magnam porro etincidunt. Quiquia non magnam quaerat dolorem voluptatem. Tempora aliquam labore quaerat labore quaerat. Dolore dolor quaerat numquam ut. Non voluptatem ut voluptatem labore. Velit aliquam dolore quiquia sit eius.", "created_at": "2022-10-16 10:57:48.189717+00:00", "updated_at": "2022-10-16 10:57:48.189719+00:00", "published_at": null, "subscription_expires_at": null, "user": 39, "locations": [44, 53], "levels": [13, 11, 6, 10, 11, 2, 3, 2, 19, 7, 6, 13, 4, 3], "subjects": [49, 9, 69, 63, 12, 67, 28, 62, 25, 53, 68, 87, 83, 44, 94, 90, 32, 54, 41, 74, 5, 85, 56, 57, 27, 74, 96, 44, 6, 76, 40, 41, 58, 80, 29, 59, 72, 3, 2, 79, 88, 32, 12, 45, 98, 25, 1, 82, 83, 80, 41, 17, 94, 26, 49, 24, 8, 86, 42, 33, 45]}}, {"model": "tutorbook.tutor", "pk": 19, "fields": {"published": false, "looking_for_assignment": false, "about_me": "/nSit labore quiquia quisquam tempora. Labore velit velit non sed etincidunt numquam modi. Eius non numquam aliquam numquam velit magnam. Quiquia non quiquia porro. Tempora dolor numquam porro tempora est amet. Sit dolorem numquam neque quaerat. Voluptatem voluptatem etincidunt quisquam quisquam ipsum. Ipsum quisquam dolore modi numquam aliquam. Porro voluptatem consectetur quisquam sit eius dolor.", "created_at": "2022-10-16 10:57:48.189767+00:00", "updated_at": "2022-10-16 10:57:48.189769+00:00", "published_at": null, "subscription_expires_at": null, "user": 40, "locations": [3, 35, 56, 47, 9, 50, 23, 30, 41, 31, 31, 24, 33, 46, 30, 40, 24, 42, 16, 37, 44, 9, 30, 56, 28, 32, 45, 27, 48, 35, 28, 20, 38, 22, 22, 39, 5, 56, 2, 8, 37], "levels": [1, 18, 13, 3, 10, 14, 12, 6, 16, 9, 15, 15, 18, 7, 9, 9, 4], "subjects": [3, 37, 35, 23, 61, 6, 94, 23, 16, 6, 51, 82, 10, 4, 69, 17, 3, 70, 99, 92, 2, 29, 15, 37, 38, 97, 3, 58, 92, 14, 99, 93, 7, 17, 70, 74, 31, 61, 92, 83, 80, 26, 20, 27, 65, 94, 66, 75, 17, 100, 1, 20, 42, 13, 27, 9, 3, 69, 61, 64, 98]}}, {"model": "tutorbook.tutor", "pk": 20, "fields": {"published": true, "looking_for_assignment": true, "about_me": "/nEtincidunt non ipsum quisquam est sit. Numquam quiquia quaerat etincidunt non est numquam. Dolor dolore sit quiquia modi neque ut. Est magnam quiquia quaerat aliquam etincidunt non ipsum. Quiquia quiquia non amet quiquia sed. Quaerat etincidunt ipsum tempora dolor. Ut quisquam quiquia sit. Neque velit est dolorem quaerat voluptatem tempora adipisci. Dolor ipsum velit quisquam quaerat eius quaerat.", "created_at": "2022-10-16 10:57:48.189824+00:00", "updated_at": "2022-10-16 10:57:48.189826+00:00", "published_at": "2022-10-16 10:57:48.189773+00:00", "subscription_expires_at": "2023-10-16 10:57:48.189775+00:00", "user": 42, "locations": [3, 40, 4, 34, 36, 23, 11, 16, 23, 50, 31, 55, 44, 53, 24, 27, 8, 49, 13, 35, 54], "levels": [15, 16, 19, 16, 19, 3, 6, 17, 1, 17, 12, 15, 10, 1, 13, 17, 13, 4], "subjects": [14, 77, 52]}}, {"model": "tutorbook.tutor", "pk": 21, "fields": {"published": true, "looking_for_assignment": true, "about_me": "/nNon modi est sed velit numquam dolorem. Labore modi neque est ut labore. Modi ut consectetur porro quaerat dolore dolorem. Ipsum porro dolor tempora neque quisquam ut voluptatem. Dolor ipsum etincidunt quisquam ipsum. Porro consectetur porro velit sed adipisci dolore neque. Velit quisquam tempora ut magnam. Dolorem neque dolor voluptatem magnam magnam quisquam porro.", "created_at": "2022-10-16 10:57:48.189884+00:00", "updated_at": "2022-10-16 10:57:48.189887+00:00", "published_at": "2022-10-16 10:57:48.189830+00:00", "subscription_expires_at": "2023-10-16 10:57:48.189832+00:00", "user": 43, "locations": [50, 2, 5, 32, 15, 30, 11, 19, 50, 29, 36, 43, 12, 23, 18, 16, 19, 19, 51, 14, 38, 36, 6, 30, 42, 49, 27, 26, 26, 17, 52, 45, 35, 11, 19, 38, 21], "levels": [14, 10, 6, 12], "subjects": [25, 48, 91, 26, 59, 77, 32, 83, 66, 71, 39, 14, 39, 86, 15, 20, 30, 49, 61, 17, 39, 83, 11, 67, 50, 51, 87, 59, 15, 6, 78, 18, 62, 1, 38, 38, 37, 56, 85, 25, 70, 25, 50]}}, {"model": "tutorbook.assignment", "pk": 9, "fields": {"published": false, "title": "Ut quiquia dolorem modi est numquam.", "filled": false, "created_at": "2022-10-16 10:57:48.189895+00:00", "updated_at": "2022-10-16 10:57:48.189897+00:00", "published_at": null, "description": "/nAdipisci etincidunt velit quisquam. Voluptatem etincidunt porro aliquam non quisquam voluptatem velit. Dolore velit ipsum dolore voluptatem magnam labore. Sed eius porro tempora. Aliquam eius voluptatem etincidunt sed magnam etincidunt etincidunt. Quiquia quisquam dolor dolorem tempora eius quisquam etincidunt. Aliquam neque voluptatem quaerat dolore magnam etincidunt sed. Quaerat numquam quisquam consectetur aliquam aliquam consectetur dolor. Neque quiquia non tempora velit labore./nAliquam velit aliquam dolore consectetur porro adipisci neque. Numquam adipisci ut eius tempora quaerat amet. Sit labore magnam non velit aliquam ut. Dolor magnam tempora quiquia. Labore quiquia quaerat quisquam adipisci. Etincidunt amet sed modi. Est dolorem sit ut porro. Non magnam eius tempora neque dolorem velit. Velit ipsum amet velit sit quisquam porro. Labore modi ut dolore.", "user": 45}}, {"model": "tutorbook.tutor", "pk": 22, "fields": {"published": false, "looking_for_assignment": true, "about_me": "/nQuiquia tempora non consectetur quaerat. Non amet quiquia velit adipisci quiquia. Sit non etincidunt dolore tempora voluptatem porro. Numquam etincidunt velit ipsum neque est. Ipsum labore dolorem quisquam. Etincidunt quiquia non sit quisquam. Ipsum tempora modi amet voluptatem. Numquam ut velit etincidunt amet sit./nIpsum aliquam voluptatem tempora quaerat tempora est sed. Modi est dolor sit. Velit non amet aliquam. Porro etincidunt magnam numquam etincidunt etincidunt. Eius sit dolor est magnam magnam. Quisquam aliquam dolor sed. Porro eius dolor labore dolore neque. Numquam non est dolor tempora. Sed labore velit ipsum voluptatem quiquia tempora.", "created_at": "2022-10-16 10:57:48.190031+00:00", "updated_at": "2022-10-16 10:57:48.190033+00:00", "published_at": null, "subscription_expires_at": null, "user": 46, "locations": [21, 49, 32, 6, 49, 10, 32, 3, 26, 10, 9, 53, 10, 52, 16, 19, 29, 24, 15, 32, 16, 48, 41, 33, 32, 53, 48, 15, 9, 41, 55, 41, 4, 54, 18, 9, 23, 24, 19, 31, 51], "levels": [12, 6, 3, 19, 5, 7, 3, 8], "subjects": [18, 54, 42, 68, 92, 40, 18, 5, 30, 40, 81, 97, 42, 5, 45, 28, 19, 83, 87, 29, 18, 49, 53, 33, 75, 53, 42, 90, 69, 78, 78, 4, 35, 100, 94, 26, 67, 72, 63, 68, 32, 96, 48, 46, 94, 88, 76, 55, 31, 67, 49, 11, 24, 79, 61, 58, 25, 75, 90, 100, 4]}}, {"model": "tutorbook.assignment", "pk": 10, "fields": {"published": false, "title": "Dolor tempora aliquam amet consectetur adipisci.", "filled": false, "created_at": "2022-10-16 10:57:48.190042+00:00", "updated_at": "2022-10-16 10:57:48.190044+00:00", "published_at": null, "description": "/nConsectetur sit dolorem porro quaerat. Non velit sed consectetur velit magnam modi. Non non porro labore sit non magnam numquam. Aliquam sed adipisci aliquam. Neque non velit non est aliquam. Aliquam eius labore sed velit labore amet sed.", "user": 50}}, {"model": "tutorbook.review", "pk": 1, "fields": {"tutor": 11, "user": 14, "created_at": "2022-10-16 10:57:48.190323+00:00", "updated_at": "2022-10-16 10:57:48.190325+00:00", "rating": 0.6, "review_text": "/nNumquam sit magnam ut etincidunt. Dolorem quaerat numquam ut magnam magnam consectetur quiquia. Tempora quisquam magnam adipisci numquam. Voluptatem aliquam eius amet ipsum. Sed porro neque numquam quiquia est porro. Labore labore neque ipsum velit adipisci non ut./nModi dolore tempora aliquam adipisci. Est ipsum magnam ut. Eius labore dolore porro porro adipisci numquam velit. Eius quisquam quiquia modi dolorem consectetur. Dolor tempora neque magnam. Dolor dolor est consectetur dolor neque sit. Eius magnam eius amet voluptatem etincidunt. Amet sed sit non. Etincidunt quaerat amet sit tempora quisquam."}}, {"model": "tutorbook.review", "pk": 2, "fields": {"tutor": 6, "user": 31, "created_at": "2022-10-16 10:57:48.190381+00:00", "updated_at": "2022-10-16 10:57:48.190384+00:00", "rating": 0.2, "review_text": "/nIpsum voluptatem consectetur dolorem quiquia velit quiquia. Sit etincidunt quaerat sed quisquam. Etincidunt quiquia voluptatem velit dolorem non voluptatem. Modi neque amet dolor neque neque neque est. Dolor numquam porro consectetur."}}, {"model": "tutorbook.review", "pk": 3, "fields": {"tutor": 10, "user": 31, "created_at": "2022-10-16 10:57:48.190405+00:00", "updated_at": "2022-10-16 10:57:48.190407+00:00", "rating": 1.1, "review_text": "/nSit amet eius voluptatem dolorem. Sit sed quisquam non tempora sit porro. Amet sit ipsum modi magnam eius. Labore quiquia dolor etincidunt labore voluptatem porro dolor. Dolor magnam etincidunt sed voluptatem. Etincidunt numquam consectetur aliquam consectetur quaerat."}}, {"model": "tutorbook.review", "pk": 4, "fields": {"tutor": 3, "user": 14, "created_at": "2022-10-16 10:57:48.190430+00:00", "updated_at": "2022-10-16 10:57:48.190432+00:00", "rating": 1.3, "review_text": "/nNeque dolor numquam quisquam. Tempora ut labore quiquia consectetur quiquia. Labore ut quisquam labore magnam adipisci est dolor. Ut sit adipisci etincidunt ut ipsum dolorem etincidunt. Est sed ut quaerat aliquam est dolore numquam. Porro magnam etincidunt quiquia magnam."}}, {"model": "tutorbook.review", "pk": 5, "fields": {"tutor": 18, "user": 33, "created_at": "2022-10-16 10:57:48.190455+00:00", "updated_at": "2022-10-16 10:57:48.190457+00:00", "rating": 4.7, "review_text": "/nUt amet numquam voluptatem etincidunt. Quiquia etincidunt quiquia labore. Labore modi dolore porro. Est eius quaerat dolor velit velit ut. Dolor neque dolore magnam amet quisquam."}}, {"model": "tutorbook.review", "pk": 6, "fields": {"tutor": 13, "user": 2, "created_at": "2022-10-16 10:57:48.190475+00:00", "updated_at": "2022-10-16 10:57:48.190478+00:00", "rating": 4.5, "review_text": "/nEst ut sit adipisci dolor magnam dolor velit. Etincidunt quaerat velit labore quiquia quaerat dolorem amet. Adipisci labore dolor quisquam est eius etincidunt est. Labore neque porro dolorem. Ut sed magnam consectetur numquam voluptatem ipsum quaerat. Adipisci labore adipisci consectetur porro consectetur non. Magnam velit consectetur etincidunt quiquia modi numquam quaerat."}}, {"model": "tutorbook.review", "pk": 7, "fields": {"tutor": 19, "user": 16, "created_at": "2022-10-16 10:57:48.190506+00:00", "updated_at": "2022-10-16 10:57:48.190508+00:00", "rating": 2.7, "review_text": "/nEst eius est voluptatem quaerat sit. Sed adipisci quiquia modi est est quiquia ut. Magnam modi tempora tempora dolore quiquia. Quisquam consectetur quiquia dolorem dolor consectetur sed. Magnam quiquia dolor est aliquam. Magnam adipisci non magnam adipisci. Amet etincidunt etincidunt dolor neque dolor numquam. Non consectetur voluptatem tempora etincidunt eius. Est quisquam sit adipisci modi labore neque dolorem."}}, {"model": "tutorbook.review", "pk": 8, "fields": {"tutor": 11, "user": 2, "created_at": "2022-10-16 10:57:48.190541+00:00", "updated_at": "2022-10-16 10:57:48.190544+00:00", "rating": 2.7, "review_text": "/nAmet tempora amet eius quiquia. Quiquia ipsum quisquam non sit sed. Sed etincidunt quaerat aliquam modi sed numquam dolorem. Adipisci consectetur quiquia dolorem neque quaerat. Sit eius quisquam dolore amet quaerat ipsum. Ut porro dolore magnam adipisci."}}, {"model": "tutorbook.review", "pk": 9, "fields": {"tutor": 5, "user": 50, "created_at": "2022-10-16 10:57:48.190568+00:00", "updated_at": "2022-10-16 10:57:48.190570+00:00", "rating": 0.7, "review_text": "/nSed modi amet neque neque. Neque est labore neque neque etincidunt. Modi non porro neque sit ut dolorem amet. Neque sed sed quiquia sit. Aliquam quiquia quiquia est."}}, {"model": "tutorbook.review", "pk": 10, "fields": {"tutor": 3, "user": 23, "created_at": "2022-10-16 10:57:48.190589+00:00", "updated_at": "2022-10-16 10:57:48.190591+00:00", "rating": 4.9, "review_text": "/nMagnam dolorem quisquam tempora sit etincidunt ut labore. Sit labore adipisci porro velit. Numquam ipsum velit ipsum. Quisquam dolor consectetur dolor adipisci aliquam. Non porro neque tempora quiquia magnam est amet. Non numquam adipisci labore. Dolorem dolor aliquam modi quiquia modi magnam. Consectetur quisquam numquam dolorem./nPorro dolorem dolorem dolorem ut dolore. Dolorem sed sed numquam. Quisquam dolore eius porro eius. Eius amet adipisci est adipisci. Adipisci numquam neque etincidunt quaerat voluptatem sit ut. Consectetur aliquam adipisci aliquam neque eius porro consectetur. Velit eius amet quaerat etincidunt sit quaerat. Ipsum numquam magnam eius etincidunt."}}, {"model": "tutorbook.thread", "pk": 1, "fields": {"tutor": 11, "user": 14, "created_at": "2022-10-16 10:57:48.190641+00:00", "has_unread": true}}, {"model": "tutorbook.thread", "pk": 2, "fields": {"tutor": 6, "user": 31, "created_at": "2022-10-16 10:57:48.190645+00:00", "has_unread": true}}, {"model": "tutorbook.thread", "pk": 3, "fields": {"tutor": 10, "user": 31, "created_at": "2022-10-16 10:57:48.190648+00:00", "has_unread": true}}, {"model": "tutorbook.thread", "pk": 4, "fields": {"tutor": 3, "user": 14, "created_at": "2022-10-16 10:57:48.190652+00:00", "has_unread": true}}, {"model": "tutorbook.thread", "pk": 5, "fields": {"tutor": 18, "user": 33, "created_at": "2022-10-16 10:57:48.190655+00:00", "has_unread": false}}, {"model": "tutorbook.thread", "pk": 6, "fields": {"tutor": 13, "user": 2, "created_at": "2022-10-16 10:57:48.190658+00:00", "has_unread": false}}, {"model": "tutorbook.thread", "pk": 7, "fields": {"tutor": 19, "user": 16, "created_at": "2022-10-16 10:57:48.190661+00:00", "has_unread": false}}, {"model": "tutorbook.thread", "pk": 8, "fields": {"tutor": 11, "user": 2, "created_at": "2022-10-16 10:57:48.190664+00:00", "has_unread": true}}, {"model": "tutorbook.thread", "pk": 9, "fields": {"tutor": 5, "user": 50, "created_at": "2022-10-16 10:57:48.190670+00:00", "has_unread": true}}, {"model": "tutorbook.thread", "pk": 10, "fields": {"tutor": 3, "user": 23, "created_at": "2022-10-16 10:57:48.190674+00:00", "has_unread": false}}]